<?xml version="1.0"?>
<tools version="2">
    <tool name="python3" os="windows">
        <version>3.8.3</version>
        <exeRelativePath>python.exe</exeRelativePath>
        <url>https://www.python.org/ftp/python/3.8.3/python-3.8.3-embed-win32.zip</url>
        <sha512>8c9078f55b1b5d694e0e809eee6ccf8a6e15810dd4649e8ae1209bff30e102d49546ce970a5d519349ca7759d93146f459c316dc440737171f018600255dcd0a</sha512>
        <archiveName>python-3.8.3-embed-win32.zip</archiveName>
    </tool>
    <tool name="cmake" os="windows">
        <version>3.17.2</version>
        <exeRelativePath>cmake-3.17.2-win32-x86\bin\cmake.exe</exeRelativePath>
        <url>https://github.com/Kitware/CMake/releases/download/v3.17.2/cmake-3.17.2-win32-x86.zip</url>
        <sha512>63bb3dc5a8683ed193025450620a70b8dd675eccba4a83882c96f21eda8994dd5b21854036a0c17f978bf31f67d1d1b33b416c7f6ffb0470c9f48c2e495d44c1</sha512>
        <archiveName>cmake-3.17.2-win32-x86.zip</archiveName>
    </tool>
    <tool name="cmake" os="osx">
        <version>3.17.2</version>
        <exeRelativePath>cmake-3.17.2-Darwin-x86_64/CMake.app/Contents/bin/cmake</exeRelativePath>
        <url>https://github.com/Kitware/CMake/releases/download/v3.17.2/cmake-3.17.2-Darwin-x86_64.tar.gz</url>
        <sha512>804b06439c05b9cf36a988223b7dc47b06b8613cb4653989eff52aad5ab0fa312b8da1ac0c760ad101e74b2c9edaf5b119bd48617a5efb57dff9380ca74e54a9</sha512>
        <archiveName>cmake-3.17.2-Darwin-x86_64.tar.gz</archiveName>
    </tool>
    <tool name="cmake" os="linux">
        <version>3.17.2</version>
        <exeRelativePath>cmake-3.17.2-Linux-x86_64/bin/cmake</exeRelativePath>
        <url>https://github.com/Kitware/CMake/releases/download/v3.17.2/cmake-3.17.2-Linux-x86_64.tar.gz</url>
        <sha512>2afc023363c40b110d97d871fb9a8917643bba308ca0c029ee8fe1164db1c168e32b2c9d7647475d84efa290c1242357f7cf260ea4d1f92f5a829cf418955490</sha512>
        <archiveName>cmake-3.17.2-Linux-x86_64.tar.gz</archiveName>
    </tool>
    <tool name="cmake" os="freebsd">
        <version>3.12.4</version>
        <exeRelativePath>cmake-3.12.4-FreeBSD-x86_64/bin/cmake</exeRelativePath>
        <url>https://github.com/ivysnow/CMake/releases/download/v3.12.4/cmake-3.12.4-FreeBSD-x86_64.tar.gz</url>
        <sha512>b5aeb2de36f3c29757c9404e33756da88580ddfa07f29079c7f275ae0d6d018fdfe3f55d54d1403f38e359865cf93436e084c6b1ea91f26c88bc01dde3793479</sha512>
        <archiveName>cmake-3.12.4-FreeBSD-x86_64.tar.gz</archiveName>
    </tool>
    <tool name="git" os="windows">
        <version>2.26.2-1</version>
        <exeRelativePath>mingw32\bin\git.exe</exeRelativePath>
        <url>https://github.com/git-for-windows/git/releases/download/v2.26.2.windows.1/PortableGit-2.26.2-32-bit.7z.exe</url>
        <sha512>d3cb60d62ca7b5d05ab7fbed0fa7567bec951984568a6c1646842a798c4aaff74bf534cf79414a6275c1927081a11b541d09931c017bf304579746e24fe57b36</sha512>
        <archiveName>PortableGit-2.26.2-32-bit.7z.exe</archiveName>
    </tool>
    <tool name="git" os="linux">
        <version>2.7.4</version>
        <exeRelativePath></exeRelativePath>
        <url></url>
        <sha512></sha512>
    </tool>
    <tool name="git" os="osx">
        <version>2.7.4</version>
        <exeRelativePath></exeRelativePath>
        <url></url>
        <sha512></sha512>
    </tool>
    <tool name="git" os="freebsd">
        <version>2.7.4</version>
        <exeRelativePath></exeRelativePath>
        <url></url>
        <sha512></sha512>
    </tool>
    <tool name="vswhere" os="windows">
        <version>2.4.1</version>
        <exeRelativePath>vswhere.exe</exeRelativePath>
        <url>https://github.com/Microsoft/vswhere/releases/download/2.4.1/vswhere.exe</url>
        <sha512>f477842d0cebefcd6bf9c6d536ab8ea20ec5b0aa967ee963ab6a101aeff9df8742ca600d35f39e2e7158d76d8231f1ed2bef6104dce84d2bf8d6b07d17d706a1</sha512>
    </tool>
    <tool name="nuget" os="windows">
        <version>5.5.1</version>
        <exeRelativePath>nuget.exe</exeRelativePath>
        <url>https://dist.nuget.org/win-x86-commandline/v5.5.1/nuget.exe</url>
        <sha512>22ea847d8017cd977664d0b13c889cfb13c89143212899a511be217345a4e243d4d8d4099700114a11d26a087e83eb1a3e2b03bdb5e0db48f10403184cd26619</sha512>
    </tool>
    <tool name="nuget" os="linux">
        <version>5.5.1</version>
        <exeRelativePath>nuget.exe</exeRelativePath>
        <url>https://dist.nuget.org/win-x86-commandline/v5.5.1/nuget.exe</url>
        <sha512>22ea847d8017cd977664d0b13c889cfb13c89143212899a511be217345a4e243d4d8d4099700114a11d26a087e83eb1a3e2b03bdb5e0db48f10403184cd26619</sha512>
    </tool>
    <tool name="nuget" os="osx">
        <version>5.5.1</version>
        <exeRelativePath>nuget.exe</exeRelativePath>
        <url>https://dist.nuget.org/win-x86-commandline/v5.5.1/nuget.exe</url>
        <sha512>22ea847d8017cd977664d0b13c889cfb13c89143212899a511be217345a4e243d4d8d4099700114a11d26a087e83eb1a3e2b03bdb5e0db48f10403184cd26619</sha512>
    </tool>
    <tool name="installerbase" os="windows">
        <version>3.1.81</version>
        <exeRelativePath>QtInstallerFramework-win-x86\bin\installerbase.exe</exeRelativePath>
        <url>https://github.com/podsvirov/installer-framework/releases/download/cr203958-9/QtInstallerFramework-win-x86.zip</url>
        <sha512>1f3e593270d7c2a4e271fdb49c637a2de462351310ef66bba298d30f6ca23365ec6aecf2e57799a00c873267cd3f92060ecac03eb291d42903d0e0869cd17c73</sha512>
        <archiveName>QtInstallerFramework-win-x86.zip</archiveName>
    </tool>
    <tool name="7zip" os="windows">
        <version>18.1.0</version>
        <exeRelativePath>7-Zip.CommandLine.18.1.0\tools\7za.exe</exeRelativePath>
        <url>https://www.nuget.org/api/v2/package/7-Zip.CommandLine/18.1.0</url>
        <sha512>8c75314102e68d2b2347d592f8e3eb05812e1ebb525decbac472231633753f1d4ca31c8e6881a36144a8da26b2571305b3ae3f4e2b85fc4a290aeda63d1a13b8</sha512>
        <archiveName>7-zip.commandline.18.1.0.nupkg</archiveName>
    </tool>
    <tool name="aria2" os="windows">
        <version>18.01.0</version>
        <exeRelativePath>aria2-1.34.0-win-32bit-build1\aria2c.exe</exeRelativePath>
        <url>https://github.com/aria2/aria2/releases/download/release-1.34.0/aria2-1.34.0-win-32bit-build1.zip</url>
        <sha512>2a5480d503ac6e8203040c7e516a3395028520da05d0ebf3a2d56d5d24ba5d17630e8f318dd4e3cc2094cc4668b90108fb58e8b986b1ffebd429995058063c27</sha512>
        <archiveName>aria2-1.33.1-win-32bit-build1.zip</archiveName>
    </tool>
    <tool name="ninja" os="windows">
        <version>1.10.0</version>
        <exeRelativePath>ninja.exe</exeRelativePath>
        <url>https://github.com/ninja-build/ninja/releases/download/v1.10.0/ninja-win.zip</url>
        <sha512>a196e243c53daa1df9d287af658d6d38d6b830b614f2d5704e8c88ffc61f179a533ae71cdb6d0d383d1559d65dacccbaaab270fb2a33aa211e5dba42ff046f97</sha512>
        <archiveName>ninja-win-1.10.0.zip</archiveName>
    </tool>
    <tool name="ninja" os="linux">
        <version>1.10.0</version>
        <exeRelativePath>ninja</exeRelativePath>
        <url>https://github.com/ninja-build/ninja/releases/download/v1.10.0/ninja-linux.zip</url>
        <sha512>ffb179ab8ea315167fcc99a8f13286e1363590185b18cf819cc73e09f2a7553790e9dc45fd1ccd0bd1d2dbf543aee3f6c0951cf9ce453a7168ffd2ac873cdd29</sha512>
        <archiveName>ninja-linux-1.10.0.zip</archiveName>
    </tool>
    <tool name="ninja" os="osx">
        <version>1.10.0</version>
        <exeRelativePath>ninja</exeRelativePath>
        <url>https://github.com/ninja-build/ninja/releases/download/v1.10.0/ninja-mac.zip</url>
        <sha512>619a1924067a0b30fc5f8887f868d3ee5481838d2f0f158d031f7614a2a10b95a73d4a56b658d5d560283ebf809e2e536b968c6c01ff0108075c3f393f5780ba</sha512>
        <archiveName>ninja-mac-1.10.0.zip</archiveName>
    </tool>
    <tool name="ninja" os="freebsd">
        <version>1.8.2</version>
        <exeRelativePath>ninja</exeRelativePath>
        <url>https://github.com/ivysnow/ninja/releases/download/v1.8.2/ninja-freebsd.zip</url>
        <sha512>56a55ae9a6b5dfad4f28f9fe9b8114f1475c999d2f07fff7efa7375f987e74b498e9b63c41fc6c577756f15f3a1459c6d5d367902de3bedebdf9a9fd49089a86</sha512>
        <archiveName>ninja-freebsd-1.8.2.zip</archiveName>
    </tool>
    <tool name="powershell-core" os="windows">
        <version>7.0.3</version>
        <exeRelativePath>pwsh.exe</exeRelativePath>
        <url>https://github.com/PowerShell/PowerShell/releases/download/v7.0.3/PowerShell-7.0.3-win-x86.zip</url>
        <sha512>2e410fc5e429fc6ad478976eff3efcffe9d53a0620c7c31c2b8bfe1f0976cade74632fc202bf58959cec111f03b824ba42ad4d74c8a66d67ec21bbfe9b9c626d</sha512>
        <archiveName>PowerShell-7.0.3-win-x86.zip</archiveName>
    </tool>
</tools>
